group	8_no_PLL	16	24	48	72
pointer_chase	5182.5481207318435	9667.905871321922	14337.880017560266	24371.489521801217	32360.088265701088
sine	4807.103191695844	8828.87097440366	13068.384396678608	24345.845439463323	34031.53363488941
