group	8_no_PLL	16	24	48	72
pointer_chase	1.2215	0.6091000000000001	0.4054000000000001	0.26333333333333336	0.2162666666666667
sine	1.1042200000000002	0.5507000000000001	0.36648000000000003	0.20007999999999995	0.15576
