group	8_no_PLL	16	24	48	72
pointer_chase	18991.44744873047	17666.149044036865	17437.71209716797	19253.45458984375	20995.133209228516
sine	15924.295921325684	14586.176319122314	14367.85903930664	14613.305053710938	15902.138442993164
