group	24MHz	48MHz	72MHz
pointer_chase	0.2027	0.12186	0.09498
sine	0.33722	0.18172	0.15574
