group	24MHz	48MHz	72MHz
pointer_chase	0.20258	0.1015	0.0678
sine	0.33708	0.16876	0.11266
