TPU number,Inception-v1,Inception-v2,Inception-v3,Inception-v4,ResNet-50,ResNet-101,ResNet-152,Inception-ResNet-v2
1,6.03808558,19.06493668,48.44408595,104.9039682,51.1749709,102.5566244,145.5031054,138.1453275
2,5.64353719,6.72965364,20.17860448,51.27823636,20.46790596,48.82007125,70.52688074,67.53299846
3,5.33654294,5.8733558,11.87184117,31.23084418,12.67239612,29.54603279,43.46274385,42.59434301
4,5.83220067,5.5192286,7.04467872,22.13679589,9.03528863,20.31212749,31.44076935,30.04354168
5,5.63619934,6.0625857,6.78928063,15.78932166,8.50377139,14.24364498,22.47500828,22.44697103
6,5.48126596,5.99167565,6.23493196,11.59329619,9.04830648,10.36883126,18.93764346,17.35969298
7,5.5366262,6.24894092,6.95911779,10.18728623,8.6226769,10.636038,15.46958784,13.86281539
8,6.72171777,6.91222777,7.330362,7.63302593,9.69762651,11.95176509,13.83165145,11.40630414
