group	24MHz	48MHz	72MHz
pointer_chase	0.20262	0.16208	0.18926
sine	0.33726	0.2333	0.19904
