group	24MHz	48MHz	72MHz
pointer_chase	0.20258	0.12178	0.0948
sine	0.33706	0.18168	0.12996
