group	24MHz	48MHz	72MHz
pointer_chase	0.20258	0.10154	0.06802
sine	0.33694	0.16872	0.1128
